"","cod_regsaud","regiao_saude","rr_1","rr_2","rr_3","matriculas","retencao_geral","equip","pib","pop","pibpc_rs","ceo"
"1",11001,"Vale do Jamari",4.76,31.98,3.44,0,0.596973533002945,43.8214285714286,7283510.797,284003,25645.8938708394,1
"2",11002,"Café",3.12,193.42,8.71,358.5,0.819622086637121,227.196428571429,5743863.393,173643,33078.5772706069,1
"3",11003,"Central",4.43,115.68,6.62,243.833333333333,0.836530244673627,174.517857142857,10517778.161,341326,30814.4652355812,0
"4",11004,"Madeira-Mamoré",9.25,144.21,20.47,649.166666666667,0.805371117133357,507.464285714286,22722024.328,666953,34068.4041124337,4.16666666666667
"5",11005,"Zona da Mata",6.3,100.39,3.53,143,0.799053405100232,29.3571428571429,4032188.37,135345,29791.9270752521,1
"6",11006,"Cone Sul",5.84,152.77,6.28,72,0.812952930983857,159.535714285714,6733030.257,161819,41608.4035681842,1
"7",11007,"Vale do Guaporé",7.38,53.24,3.7,0,0.613466042154567,16.4642857142857,1137700.42,52189,21799.6209929295,0
"8",12001,"Alto Acre",13.23,0.01,0.01,0,0.551575630252101,14.0392156862745,1919074.528,73617,26068.3609492373,0
"9",12002,"Baixo Acre e Purus",12.13,48.83,13.96,726,0.665680394900027,303.071428571429,15175557.925,593149,25584.7315345723,1.33333333333333
"10",12003,"Juruá e Tarauacá/Envira",10.29,6.84,2.91,0,0.576733101457366,47.1428571428571,4279807.556,240110,17824.3619840906,0
"11",13001,"Manaus, Entorno e Alto Rio Negro",6.98,40.51,11.19,3354.83333333333,0.699117155728389,917.196428571429,108544737.539,2663871,40746.9947077017,1
"12",13002,"Rio Negro e Solimões",5.21,2.92,0.01,0,0.487581536110948,37.4642857142857,6420281.889,306626,20938.4784362709,0
"13",13003,"Rio Madeira",5.63,2.92,1.6,0,0.445302358997212,34.3928571428571,2498809.462,206110,12123.6692154675,1
"14",13004,"Médio Amazonas",5.67,4.27,2.34,0,0.446128758304364,15.0188679245283,3252939.249,177430,18333.6484754551,0
"15",13005,"Baixo Amazonas",5.88,6.71,4.18,0,0.579645097979076,28.2678571428571,2757117.762,257267,10716.9507243447,1
"16",13006,"Regional Purus",6.57,10.5,9.7,0,0.606286943509166,23.5535714285714,1731795.409,135116,12817.1009280914,0
"17",13007,"Regional Juruá",5.46,0.01,0.01,0,0.457540484207151,19.7678571428571,1683681.677,141730,11879.501001905,0
"18",13008,"Triângulo",6.26,6.14,2.84,0,0.364866047774544,16.0892857142857,1945033.55,125033,15556.1615733446,1
"19",13009,"Alto Solimões",5.11,0.19,0.01,0,0.498879439719653,18.6071428571429,2696641.225,256812,10500.4486745168,0
"20",14001,"Centro Norte",9.4,56.18,21.52,401,0.622867282490881,228.571428571429,16064922.016,558735,28752.3101577671,0
"21",14002,"Sul",13.21,0.01,0.01,0,0.372611671416819,27.8214285714286,2137657.474,93978,22746.3605737513,0
"22",15001,"Araguaia",11.37,34.32,11.39,138.5,0.599160974586177,125.732142857143,14210123.347,583777,24341.6978520908,6
"23",15002,"Baixo Amazonas",5.58,12.17,4.92,420.333333333333,0.65003323001388,117.410714285714,15365963.15,782583,19634.9309274543,4
"24",15003,"Carajás",7.07,59.44,2.77,58,0.7421312844701,400.803571428571,107320987.832,899615,119296.574459074,4.16666666666667
"25",15004,"Lago de Tucuruí",5.94,19.15,7.83,217.25,0.625764472455649,36.2678571428571,9939899.451,477439,20819.2029788099,1
"26",15006,"Metropolitana I",6.87,42.83,16.39,2592.33333333333,0.74671592489932,648.196428571429,47212750.516,2269233,20805.5984184965,0
"27",15007,"Metropolitana II",9.8,4.32,2.58,0,0.417512357042408,36.1607142857143,5602686.377,374535,14959.0462226494,2.66666666666667
"28",15008,"Metropolitana III",9.86,13.98,4.48,0,0.495351808414135,172.303571428571,17400917.298,959387,18137.5370919139,6.33333333333333
"29",15009,"Rio Caetés",15.49,12.5,9.4,0,0.452334495972082,93.7142857142857,6462059.017,550336,11742.0249029684,4
"30",15010,"Tapajós",4.88,7.55,0.01,0,0.603503821281599,32.1071428571429,5652186.248,222500,25403.0842606742,0
"31",15011,"Tocantins",6.75,15.63,4.37,7,0.570590928394892,80.9285714285714,16563037.276,722380,22928.4272488164,1.33333333333333
"32",15012,"Xingu",6.81,10.93,6.21,74.75,0.421002851581496,60.5178571428571,11635906.814,357549,32543.5305762287,2.16666666666667
"33",15013,"Marajó I",6.14,0.01,0.01,0,0.405208333333333,21.9821428571429,2355573.956,249843,9428.21674411531,0
"34",15014,"Marajó II",6.02,3.84,0.01,0,0.469274821039527,21,3182887.834,327947,9705.4945890647,0
"35",16001,"Área Central",16.29,110.64,52.28,774,0.736661375615945,194.428571428571,14618402.704,588584,24836.5614831528,1
"36",16002,"Área Norte",16.69,4.53,1.51,0,0.428812853812854,7.08,1219484.247,72879,16732.9991767176,0
"37",16003,"Área Sudoeste",14.74,26.4,12.81,0,0.596720200211165,20.9642857142857,4261963.566,216150,19717.6200138792,1
"38",17001,"Médio Norte Araguaia",6.52,16.15,8.22,803.666666666667,0.54045160162518,119.589285714286,8788939.891,309111,28432.9573874757,0
"39",17002,"Bico do Papagaio",9.69,1.39,0.31,0,0.455564519456342,66.8035714285714,3347877.871,212951,15721.3531328803,0
"40",17003,"Sudeste",10.06,2.99,2.99,0,0.477873535777948,29.0357142857143,2272340.872,99516,22833.9249165963,0
"41",17004,"Cerrado Tocantins Araguaia",8.64,7.86,2.51,0,0.570743521184698,79.3214285714286,5275289.631,164491,32070.3845863907,1.66666666666667
"42",17005,"Ilha do Bananal",8.74,22.97,4.02,249.833333333333,0.552251782618865,83.5714285714286,8744271.841,186210,46959.1957521078,1
"43",17006,"Capim Dourado",20.71,115.8,23.21,392.666666666667,0.714331245643586,200.946428571429,12632828.629,389493,32434.0325217655,0
"44",17007,"Cantão",6.59,8.2,1.81,0,0.513225193923723,51.2142857142857,4931357.919,132934,37096.2877743843,1
"45",17008,"Amor Perfeito",9.18,23.8,16.31,312.5,0.510384913769429,57.7142857142857,5787857.735,112657,51375.9263516692,0
"46",21001,"Açailândia",10.94,22.74,1.53,42.75,0.567840926434676,64.5,6031352.464,302123,19963.235053273,0
"47",21002,"Bacabal",19.51,17.83,7.57,0,0.423062617362399,60.4107142857143,3027360.514,270276,11200.9964406755,1
"48",21003,"Balsas",13.59,17.22,7.79,80,0.540860143076839,50.1071428571429,12462038.791,229463,54309.5784113343,1
"49",21004,"Barra do Corda",9.6,14.22,8.77,0,0.484259624306975,40.1964285714286,2663031.664,236252,11271.9962751638,0
"50",21005,"Caxias",16.75,22.15,15.2,211.6,0.504591365318009,71.5714285714286,3431545.765,308686,11116.6226035518,2
"51",21006,"Chapadinha",13.53,2.87,1.64,0,0.442191927239928,64.7678571428571,3379878.549,383972,8802.40889700291,1
"52",21007,"Codó",12.91,11.42,5.46,0,0.398488076977433,68.3571428571429,3341759.457,311743,10719.5974151785,0
"53",21008,"Imperatriz",14.06,18.06,7.89,966.166666666667,0.624420702201732,98.5714285714286,12817906.289,546913,23436.8286893894,2
"54",21009,"Itapecuru Mirim",14.44,2.26,1.04,0,0.361754111918987,76.5178571428571,3834380.807,390973,9807.27775831068,0
"55",21010,"Pedreiras",22.59,9.66,7.59,0,0.433643027912876,63.3214285714286,3046181.456,219284,13891.4898305394,2
"56",21011,"Pinheiro",12.14,3.51,1.41,0,0.342828638328516,78.8928571428571,3456440.471,401065,8618.15533891015,1
"57",21012,"Presidente Dutra",20.65,13.04,11.2,0,0.453942326179802,79.2678571428571,6048807.504,292311,20693.0546712235,2.5
"58",21013,"Rosário",16.75,0.01,0.01,0,0.363980697252662,46.1071428571429,2974363.001,306047,9718.6477926593,0
"59",21014,"Santa Inês",16.17,10.26,3.86,112,0.460836148195111,74.1428571428571,4456833.806,397205,11220.4876726124,1
"60",21015,"São João dos Patos",19.07,9.03,8.19,0,0.440793906499721,62.2142857142857,3164084.009,247927,12762.1598656056,1
"61",21016,"São Luís",7.91,81.91,23.63,2548.83333333333,0.786873910150966,550.5,40504715.814,1475254,27456.0962478326,3.16666666666667
"62",21017,"Timon",17.42,11.78,9,2,0.415093205725177,65.5178571428571,2999348.856,252750,11866.8599643917,1
"63",21018,"Viana",12.22,0.15,0.15,0,0.301067202213396,31.1785714285714,2019525.985,275887,7320.12013976737,0
"64",21019,"Zé Doca",19.94,0.49,0.49,0,0.387666463704667,54.2321428571429,5321164.752,305131,17438.9516371657,1
"65",22001,"Carnaubais",22.4,9.31,6.61,0,0.534969574793264,34.2321428571429,1784778.733,163795,10896.4176745322,0
"66",22002,"Chapada das Mangabeiras",23.54,6.08,5.29,0,0.613313825976023,30.1071428571429,5326546.227,198441,26841.9642462999,2
"67",22003,"Cocais",20.12,14.02,11.12,93.25,0.459978432551298,139.142857142857,4288372.01,403230,10635.0519802594,3
"68",22004,"Entre Rios",20.73,18.48,11.34,2343.5,0.672103253659344,302.017857142857,27946087.803,1240581,22526.612774982,5
"69",22005,"Planície Litorânea",12.21,20.95,13.19,254.833333333333,0.615448627910213,54.8571428571429,4382871.301,281840,15550.9200290945,1
"70",22006,"Serra da Capivara",21.57,13.58,11.21,0,0.539784398607928,31.3571428571429,2478883.888,149305,16602.8189812799,1
"71",22007,"Tabuleiros do Alto Parnaíba",23.05,0.01,0.01,0,0.44788961038961,5.35555555555556,5678871.73,48391,117353.882540142,0
"72",22008,"Vale do Canindé",23.63,14.53,10.08,0,0.469742900073782,32.9642857142857,1356341.594,109294,12410.0279429795,2
"73",22009,"Vale do Rio Guaribas",23.72,15.02,7.07,0,0.626148979383662,69.0357142857143,5729706.788,378472,15139.0506774609,2.66666666666667
"74",22010,"Vale do Sambito",24.02,12.42,12.42,0,0.483088500551736,18,1146255.007,106810,10731.719941953,2.33333333333333
"75",22011,"Vale dos Rios Piauí e Itaueiras",24.66,13.64,8.51,133.5,0.518241072209263,40,3909587.736,209131,18694.4438462017,2.33333333333333
"76",23001,"1ª Região Fortaleza",15.41,135.95,13.27,3436.83333333333,0.881208259240498,1849.625,82127012.312,2878668,28529.518621807,3.83333333333333
"77",23002,"2ª Região Caucaia",12.41,33.59,14.85,0,0.501443153090856,145.446428571429,21696448.286,633621,34241.9968498519,1
"78",23003,"3ª Região Maracanaú",16.26,51.35,14.98,0,0.436483911306246,120.660714285714,16398696.976,555464,29522.5198680743,48
"79",23004,"4ª Região Baturité",18.45,23.3,14.94,0,0.337971190771227,60.5714285714286,1566025.121,141411,11074.2807914519,0
"80",23005,"5ª Região Canindé",13.36,14.06,6.05,0,0.378389656652877,31.125,2096511.458,209500,10007.2145966587,0
"81",23006,"6ª Região Itapipoca",10.68,23.91,3.77,56,0.448680566597954,43.8928571428571,4287571.708,305287,14044.3966104027,2
"82",23007,"7ª Região Aracati",13.2,32.6,6.3,0,0.423708297421533,44.625,2513026.946,120255,20897.4840630327,0
"83",23008,"8ª Região Quixadá",18.52,20.43,6.92,361.166666666667,0.48994976894567,127.446428571429,4449324.185,329685,13495.6828032819,3.16666666666667
"84",23009,"9ª Região Russas",16.99,25.7,7.37,0,0.50299768474509,53.375,3327765.735,202691,16417.9254875648,1
"85",23010,"10ª Região Limoeiro do Norte",21.28,35.34,17.3,0,0.554231288478387,105.607142857143,4499676.013,228965,19652.2438494966,3
"86",23011,"11ª Região Sobral",17.41,26.88,7.37,637.666666666667,0.444425786238464,169.803571428571,10470447.206,658512,15900.161585514,3.66666666666667
"87",23012,"12ª Região Acaraú",12.97,14.98,9,0,0.373111803060934,64.8392857142857,3617702.83,235126,15386.2304891845,3
"88",23013,"13ª Região Tianguá",13.17,23.94,9.2,88.5,0.478942426097158,117.607142857143,5014194.045,324726,15441.307579313,1
"89",23014,"14ª Região Tauá",20,18.21,11.39,0,0.388443480992501,34.8571428571429,1222344.571,116082,10530.0095708206,1
"90",23015,"15ª Região Crateús",16.54,14.77,8.08,0,0.41069371277379,66.875,3165667.453,300372,10539.1562895343,4.66666666666667
"91",23016,"16ª Região Camocim",13.81,16.7,11.46,0,0.374786471196159,47.5714285714286,1648886.974,158905,10376.5581573896,1
"92",23017,"17ª Região Icó",18.52,19.24,12.79,0,0.519100935828877,54.0178571428571,1827448.292,173298,10545.1204976399,2
"93",23018,"18ª Região Iguatú",19.13,20.85,9.48,0,0.527936696361785,87.7678571428571,4202299.487,325708,12902.0456574601,4
"94",23019,"19ª Região Brejo Santo",19.72,35.16,28.56,0,0.577115602916716,118.321428571429,2636809.321,217621,12116.5205609753,5
"95",23020,"20ª Região Crato",15.57,28.91,12.45,0,0.553237349223271,147.446428571429,4111334.336,352150,11674.9519693313,4.16666666666667
"96",23021,"21ª Região Juazeiro do Norte",15.58,39.87,16.95,1056.16666666667,0.604552187392147,166.785714285714,7574551.682,434471,17433.9637904486,3.16666666666667
"97",23022,"22ª Região Cascavel",16.38,21.04,7.52,0,0.430019804516057,87.0892857142857,6431056.61,338062,19023.305222119,1.16666666666667
"98",24001,"1ª Região de Saúde - São José de Mipibu",22.48,16.96,15.68,0,0.390707691999045,92.5892857142857,6470618.545,390841,16555.6288746575,1.16666666666667
"99",24002,"2ª Região de Saúde - Mossoró",18.01,28.72,8.92,524,0.616777606761545,78.4107142857143,12989075.844,498131,26075.6223643981,2.5
"100",24003,"3ª Região de Saúde - João Câmara",20.49,16.5,10.26,0,0.361971314300363,79.1964285714286,10301246.872,356989,28855.9223729583,1
"101",24004,"4ª Região de Saúde - Caicó",23.5,28.45,14.02,100.666666666667,0.551424135595591,132.517857142857,5445929.655,312775,17411.6526416753,1
"102",24005,"5ª Região de Saúde - Santa Cruz",22.89,3.44,2.06,0,0.339473851308008,35.3214285714286,2446401.312,203548,12018.7931691788,0
"103",24006,"6ª Região de Saúde - Pau dos Ferros",22.28,22.3,18.73,0,0.48731820530286,120.5,3285435.731,252452,13014.1006250693,9
"104",24007,"7ª Região de Saúde - Metropolitana",13.73,82.68,21.99,1568.16666666667,0.72634540946009,484.821428571429,35335264.465,1386227,25490.2439968346,1
"105",24008,"8ª Região de Saúde - Açu",19.4,17.16,6.55,0,0.413666352782065,72.1607142857143,3906760.669,159940,24426.4140865324,0
"106",25001,"1ª Região Mata Atlântica",21.98,82.78,27.48,2004.83333333333,0.677257936622566,525.392857142857,36465399.016,1336175,27290.8855621457,5
"107",25002,"2ª Região",21.79,22.7,14.94,286.333333333333,0.440316199104108,75.2321428571429,4493099.945,307517,14610.8993811724,6.66666666666667
"108",25003,"3ª Região",19.05,25.39,21.07,0,0.470038801767855,78.8571428571429,2309358.5,198338,11643.550403856,8
"109",25004,"4ª Região",20.2,16.38,12.45,0,0.408565392940393,35.25,1148885.459,114101,10069.0218227711,4
"110",25005,"5ª Região",21.18,50.49,46.57,0,0.404379621723912,61.9107142857143,1576206.463,114323,13787.3084418708,6.33333333333333
"111",25006,"6ª Região",22.71,35.72,14.87,861,0.506966670462061,75.8392857142857,3719356.306,239548,15526.5596289679,4.16666666666667
"112",25007,"7ª Região",21.8,49.63,46.09,0,0.540413176188479,36.5714285714286,1723390.499,148467,11607.9027595358,9.83333333333333
"113",25008,"8ª Região",20.89,31.65,25.57,0,0.46904121527767,24.4464285714286,1646940.326,119599,13770.5192016656,3.5
"114",25009,"9ª Região",21.24,31.6,24.31,329.833333333333,0.483089791769051,32.4821428571429,2522303.365,178797,14107.0787820825,5.66666666666667
"115",25010,"10ª Região",22.98,34.55,26.8,0,0.529142364987953,63.9464285714286,1827032.068,118110,15468.9024468716,5.5
"116",25011,"11ª Região",22.56,19.79,16.62,0,0.546171802054155,25.1607142857143,819319.263,85509,9581.67284145528,2
"117",25012,"12ª Região",22.22,29.66,28.5,0,0.373565313569239,84.0714285714286,2292653.86,176715,12973.7365815013,7.66666666666667
"118",25013,"13ª Região",22.87,56.79,44.24,0,0.546316872427984,32.9107142857143,806518.834,60792,13266.8580405316,6
"119",25014,"14ª Região",19.81,11.81,10.6,0,0.35795212281762,33.0357142857143,2205056.816,154096,14309.6304641263,2
"120",25015,"15ª Região",20.69,22.29,21.34,0,0.420731987934228,40.9107142857143,1826973.367,151796,12035.7148212074,6.33333333333333
"121",25016,"16ª Região",13.6,36.41,12.91,848.166666666667,0.659655127219858,178.821428571429,12087836.946,556022,21739.8537216153,4.66666666666667
"122",26001,"Afogados da Ingazeira",20.85,20.3,14.21,6,0.571695405557635,75.4642857142857,2205688.11,191075,11543.5724715426,2
"123",26002,"Arcoverde",15.37,19.55,13.44,91.8333333333333,0.508052646729379,64.8571428571429,6254343.169,432227,14470.0427529978,4.5
"124",26003,"Caruaru",13.3,27.29,12.15,1247.66666666667,0.587084226285816,384,24338975.287,1399740,17388.2115871519,10.3333333333333
"125",26004,"Garanhuns",15.36,34.7,19.68,135,0.656386686843303,93.75,8225696.703,549206,14977.4341558541,9.5
"126",26005,"Goiana",18.7,17.79,14.93,0,0.401960299054043,31.0357142857143,13668292.57,316169,43230.9700508272,2.66666666666667
"127",26006,"Limoeiro",16.65,14.72,10.99,0,0.445994176780113,56.1607142857143,8902899.253,605374,14706.4446986491,1.33333333333333
"128",26007,"Ouricuri",13.14,10.38,6.52,0,0.452677821001183,55.3214285714286,4082161.485,360110,11335.8737191414,3
"129",26008,"Palmares",16.79,9.04,8.39,0,0.424329464319888,65.0178571428571,7773771.919,628415,12370.4429700119,4.66666666666667
"130",26009,"Petrolina",10.48,46.77,11.27,356.833333333333,0.601855710389343,169.642857142857,10098028,517042,19530.382444753,1
"131",26010,"Recife",12.54,45.52,13.86,3528.83333333333,0.711033624032539,1165.5,130014881.369,4284238,30347.2592720106,5
"132",26011,"Salgueiro",17.26,17.58,13.37,0,0.514504949707156,30.875,1994550.924,148923,13393.1691142402,1
"133",26012,"Serra Talhada",17.21,20.97,16.48,237.833333333333,0.554732142212792,52.4821428571429,3254233.683,242274,13432.0384482033,1
"134",27001,"1ª Região de Saúde",11.74,90.4,21.5,1743,0.889070216301248,525.107142857143,34882996,1291828,27002.8177125747,2
"135",27002,"2ª Região de Saúde",21.36,13,12.62,0,0.533929805896718,31.4285714285714,4221680.723,166531,25350.7198239367,3
"136",27003,"3ª Região de Saúde",19.89,14.02,10.14,0,0.506267054504511,55.7142857142857,6220636.072,225185,27624.557905722,1
"137",27004,"4ª Região de Saúde",24.16,6.82,5.55,0,0.461879562431033,35.9622641509434,3135081.061,143945,21779.7148980513,1.83333333333333
"138",27005,"5ª Região de Saúde",19.76,23.68,19.81,0,0.462120661801674,74.125,4975886.842,241181,20631.3384636435,4.16666666666667
"139",27006,"6ª Região de Saúde",17.05,17.11,11.25,0,0.490055863974549,46.4642857142857,4740692.778,207623,22833.1773358443,0
"140",27007,"7ª Região de Saúde",16.44,21.99,9.67,198.25,0.573611668704825,117.5,11203152.394,532881,21023.7414995093,3.83333333333333
"141",27008,"8ª Região de Saúde",19.67,17.33,11.35,0,0.491531385281385,20.125,2334137.723,157051,14862.2913766866,0
"142",27009,"9ª Região de Saúde",17.25,10.3,6.94,0,0.474801568937598,20,2563635.147,237387,10799.3914873182,1
"143",27010,"10ª Região de Saúde",15.47,14.61,10.93,0,0.503913740580407,15.3392857142857,1987721.546,161739,12289.686136306,1
"144",28001,"Aracaju",15.43,73.56,9.34,1220.33333333333,0.868329624811781,320.017857142857,24527365.685,881101,27837.1783541274,0
"145",28002,"Estância",14.41,13.42,4.51,0,0.518177177017527,65.125,4456169.092,248922,17901.8692281116,0
"146",28003,"Itabaiana",13.79,9.74,1.53,0,0.631483651152769,50.625,4650992.402,256062,18163.5400879475,2
"147",28004,"Lagarto",11.21,13.81,6.95,231.833333333333,0.563940518008823,51.3928571428571,4113244.029,263467,15611.9894673716,1.83333333333333
"148",28005,"Nossa Senhora da Glória",11.42,8.88,8.75,0,0.481209415584416,27.4821428571429,5164301.825,176089,29327.7934737547,0
"149",28006,"Nossa Senhora do Socorro",17.69,12.09,7.22,0,0.541426769376359,57.3214285714286,6496978.257,352394,18436.6880735767,0
"150",28007,"Propriá",21.19,5.49,2.87,0,0.367963818302441,30.375,2452345.596,160439,15285.2211494711,0
"151",29001,"Alagoinhas",12.79,39.91,5.9,175.5,0.473010376728278,138.803571428571,10399039.392,544205,19108.6803539107,0
"152",29002,"Barreiras",13.69,42.8,8.41,178.833333333333,0.583168630232052,125.125,29626649.53,471295,62862.2190560053,4
"153",29003,"Brumado",18.09,26.7,5.89,0,0.551749809152015,112.089285714286,5778777.172,406395,14219.6069636684,0
"154",29004,"Camaçari",12.15,60.15,13.15,0,0.554742654198747,165.428571428571,46817645.448,644297,72664.6957039999,3.16666666666667
"155",29005,"Cruz das Almas",14.79,32.39,13.02,501.5,0.444397468809738,80.75,3326834.924,266852,12466.9664233358,4
"156",29006,"Feira de Santana",11.33,30.2,6.63,1087,0.536841046465397,219.892857142857,26677950.082,1161498,22968.5716910404,1.16666666666667
"157",29007,"Guanambi",17.68,27.18,4.8,242,0.575874303583072,135.535714285714,6285620.639,464262,13538.9513658236,3.66666666666667
"158",29008,"Ibotirama",14.46,8.38,3.8,0,0.537400630415336,36.6071428571429,2039799.842,197360,10335.4268443454,1
"159",29009,"Ilhéus",17.04,45.86,7.89,443.833333333333,0.626658709298199,113.142857142857,7005959.774,292663,23938.6590515371,1
"160",29010,"Irecê",16.17,16.83,5.93,0,0.568583536221404,104.5,5027507.864,415244,12107.3582375663,0
"161",29011,"Itaberaba",17.14,31.94,20.14,0,0.423920570610329,53.375,2948783.732,251676,11716.5869292265,5.5
"162",29012,"Itabuna",16.98,51.26,5.69,569.5,0.657902155223763,159.535714285714,7577734.315,503359,15054.3336167626,2.33333333333333
"163",29013,"Itapetinga",15.58,34.97,9.07,0,0.582192707318481,49.5535714285714,3656445.156,247809,14755.0942701839,0
"164",29014,"Jacobina",16.9,27.21,6.67,0,0.435232806098988,94.4642857142857,5606878.453,393668,14242.6573991282,4.5
"165",29015,"Jequié",15.96,33.4,5.93,437.666666666667,0.538979721321442,154.339285714286,8336142.935,485139,17182.998965245,3.16666666666667
"166",29016,"Juazeiro",10.22,23.35,4.59,202.833333333333,0.61501185154478,86.9464285714286,10431930.785,538535,19370.9429934916,1
"167",29017,"Paulo Afonso",13.71,47.38,5.67,116,0.55531701719896,96.8035714285714,5484574.571,255022,21506.2801287732,0
"168",29018,"Porto Seguro",11.86,55.34,8.92,0,0.614199229499835,98.6428571428571,9150085.151,387910,23588.1651697559,1
"169",29019,"Ribeira do Pombal",14.64,10.29,0.47,244.5,0.531509709760484,52.1607142857143,3751321.941,324601,11556.7171419681,0
"170",29020,"Salvador",16.38,91.77,30.69,3556.66666666667,0.764756708005035,1565.23214285714,93682224.782,3438758,27243.0408833654,3.5
"171",29021,"Santa Maria da Vitória",16.23,31.82,13.21,0,0.607228406483437,57.3571428571429,8710669.902,296976,29331.2250888961,2
"172",29022,"Santo Antônio de Jesus",14.99,29.57,2.97,92,0.421752612088102,113.571428571429,7119212.243,463432,15361.934961332,2
"173",29023,"Seabra",15.17,20.51,3.1,0,0.429239951622992,34.8571428571429,3361430.245,185819,18089.8091422298,1
"174",29024,"Senhor do Bonfim",16.98,13.01,1.55,40,0.536535220158592,66.3928571428571,5366511.148,299084,17943.1569325006,0
"175",29025,"Serrinha",11.53,18.48,2.71,0,0.478631208725273,110.285714285714,7198372.191,636842,11303.2309285506,1
"176",29026,"Teixeira de Freitas",12.52,37.71,10.42,290.8,0.612660713309502,122.857142857143,9698311.479,458167,21167.6342447186,5
"177",29027,"Valença",14.49,23.87,2.7,0,0.539191826098149,78.375,5929472.722,314698,18841.7871165371,1
"178",29028,"Vitória da Conquista",23.84,78.21,8.94,1020.83333333333,0.643501177937465,359.589285714286,11621965.351,639718,18167.3258388853,1
"179",31001,"Alfenas / Machado",23.8,135.47,42.23,1028.33333333333,0.719415553611744,158.107142857143,9050194.99,304490,29722.4703274328,3
"180",31002,"Guaxupé",21.2,30.04,5.78,0,0.753915508511097,46.125,5316855.388,145331,36584.4547137225,0
"181",31003,"Itajubá",24.84,139.94,11.05,0,0.829359461165769,139.892857142857,5235912.357,206281,25382.4266752634,1
"182",31004,"Lavras",36.37,149.58,26.88,215.166666666667,0.793549707093176,125.857142857143,5494262.786,186938,29390.8289700328,0
"183",31006,"Poços de Caldas",16.33,187.03,19.56,332.166666666667,0.863634881210009,170.035714285714,10512720.52,241554,43521.2023812481,1
"184",31007,"Pouso Alegre",23.69,127.28,6.55,414.166666666667,0.801057946386074,365.785714285714,37188369.647,558200,66621.9449068434,1.5
"185",31008,"São Lourenço",35.3,104.03,15.39,0,0.719340640085951,157.678571428571,6912709.764,264985,26087.1738551239,2.16666666666667
"186",31009,"São Sebastião do Paraíso",30.22,89.84,17.05,36,0.731961951447246,48.9464285714286,3531129.283,126746,27859.8873573919,0
"187",31010,"Três Corações",26.79,188.1,25.7,228.5,0.791744054108036,128.553571428571,4318415.136,134981,31992.7629518228,0
"188",31011,"Três Pontas",20.1,196.54,21.67,0,0.753168183940243,76.8035714285714,3680273.462,126092,29187.2082447737,0
"189",31012,"Varginha",18.68,300.29,26.04,367.5,0.896795630839748,225.232142857143,10129212.728,204144,49617.9791127831,1
"190",31013,"Barbacena",26.33,157.84,4.59,175.2,0.674698402928565,149.660714285714,5825318.312,240507,24220.9927860728,0
"191",31015,"São João Del Rei",19.52,121.04,6.67,191,0.71858879838443,187.982142857143,7313484.421,242516,30156.7089222979,2.5
"192",31016,"Belo Horizonte/ Nova Lima/ Caeté",16.72,248.3,24.5,5035.5,0.825189023757061,2352.875,144115547.481,3444678,41837.160826353,36
"193",31017,"Betim",15.29,71.47,10.89,317.166666666667,0.726036577256863,188.982142857143,44061389.314,746753,59003.9669261456,3
"194",31018,"Contagem",12.48,119.96,8.95,143.75,0.763999056961506,357.767857142857,41874263.801,891929,46947.978820063,2
"195",31019,"Curvelo",24.47,50.98,4.25,0,0.510582983193277,55.75,6833361.081,187275,36488.3784861834,0
"196",31020,"Guanhães",42.07,74.31,5.05,0,0.483647398353281,43.6071428571429,2065036.119,93442,22099.6566747287,0
"197",31021,"Itabira",27.39,257.74,34.26,133.666666666667,0.656948477792391,235.089285714286,32411048.135,240037,135025.217508134,1
"198",31022,"Ouro Preto",24.57,162.63,38.86,0,0.757119473663591,94.5178571428571,30027241.758,189650,158329.774626944,1
"199",31023,"João Monlevade",16.34,181.42,6.91,0,0.731497954659719,152.696428571429,7505183.865,140317,53487.3455461562,0
"200",31024,"Sete Lagoas",22.07,91.36,14.93,312.833333333333,0.691651183303432,177.678571428571,18395542.772,455269,40405.8760249435,0
"201",31025,"Vespasiano",15.2,120.2,28.65,0,0.727624996781608,142.892857142857,9869851.655,337902,29209.2134849749,1.16666666666667
"202",31026,"Diamantina",32.17,123.13,52.37,319,0.605865366251396,70.6607142857143,2609998.865,142902,18264.2570782774,0
"203",31027,"Turmalina/Minas Novas/Capelinha",46.09,72.64,11.58,0,0.550403007939773,41.625,2111125.069,125879,16771.0664129839,0
"204",31028,"Bom Despacho",29.37,74.01,14.04,303,0.686731759167905,71.0178571428571,3637922.376,108446,33545.9341607805,0
"205",31030,"Formiga",24.69,90.1,8.83,0,0.635454598506069,82.0714285714286,4902592.576,123452,39712.5407121796,0
"206",31031,"Itaúna",17.31,192.31,21.53,512.166666666667,0.730234879499585,135.964285714286,12725408.463,125705,101232.317433674,0
"207",31032,"Pará de Minas",20.82,126.04,12.61,0,0.629416718074904,161.607142857143,8709672.476,260522,33431.6198862284,1
"208",31034,"Caratinga",28.45,49.74,15.18,130.5,0.596304043179043,80.9464285714286,3934750.742,204856,19207.3980845081,0
"209",31035,"Coronel Fabriciano/Timóteo",18.75,113.32,11.77,0,0.637812147487387,119.696428571429,8854404.231,233601,37903.9654410726,0
"210",31036,"Governador Valadares",31.05,222.19,16.19,901.166666666667,0.731959029343243,453.410714285714,9320540.522,433210,21515.063184137,4.16666666666667
"211",31037,"Ipatinga",25.91,156.71,9.62,1063,0.655787136225316,289.5,21800501.863,414791,52557.7986576372,1.66666666666667
"212",31038,"Mantena",43.19,27.19,13.64,0,0.491429791613615,25.4464285714286,1048091.788,70158,14939.0203255509,1
"213",31040,"Resplendor",36.91,19.04,0.01,0,0.490487948265726,18.8392857142857,1779643.531,89198,19951.608006906,1
"214",31041,"Além  Paraíba",32.95,94.95,30.39,0,0.561404006046863,29.7142857142857,1862078.553,57409,32435.3072340574,0
"215",31042,"Carangola",35.48,54.97,12.77,0,0.572196733864691,18.2321428571429,2169097.819,129216,16786.6039731922,0
"216",31044,"Leopoldina / Cataguases",30.34,148.5,17,0,0.731116946778711,161.714285714286,3646719.606,184623,19752.2497521977,1
"217",31045,"Muriaé",43.71,44.72,18.24,175.833333333333,0.543652154537704,43.3928571428571,3853333.084,176050,21887.7198750355,1.66666666666667
"218",31046,"Santos Dumont",11.93,65.08,17.58,0,0.620915032679738,11.6607142857143,1174870.446,50541,23245.8884074316,0
"219",31047,"São João Nepomuceno / bicas",23.56,36.96,13.98,0,0.579897981920041,29.0714285714286,1441167.079,73602,19580.5423629793,1
"220",31048,"Ubá",26.17,60.17,9.2,106.6,0.637459718545876,98.3928571428571,8276808.355,320651,25812.5137766606,0
"221",31049,"Brasília de Minas/São Francisco",33.38,22.02,6.57,0,0.44784589613628,36.9642857142857,2601619.624,235685,11038.5456180919,1
"222",31050,"Coração de Jesus",48.08,53.15,32.35,0,0.484165196942975,20.2777777777778,568039.075,47514,11955.1937323736,0
"223",31051,"Francisco Sá",39.45,28.39,25.05,0,0.32206807952078,13.6274509803922,1917219.103,74952,25579.2921202903,2
"224",31052,"Janaúba/Monte Azul",40.29,56.46,15.32,199.166666666667,0.474800496077449,82.625,4960976.47,279939,17721.6338916693,3
"225",31053,"Januária",30.84,40.41,14.58,0,0.464735019882079,29.7142857142857,1325071.826,117678,11260.1491017862,0
"226",31055,"Pirapora",33.15,60.24,22.92,0,0.514845142602495,71.0892857142857,5098524.948,148213,34399.9848056513,2
"227",31057,"Patos de Minas",24.28,176.28,22.9,524.833333333333,0.772539010633734,319.5,11740381.246,266658,44027.8605779688,3
"228",31058,"Unaí",19.62,127.16,6.04,73,0.746522778691896,154.25,15053746.281,277807,54187.7860565069,0
"229",31059,"Manhuaçu",33.69,106.75,9.4,408,0.644159103583297,190.892857142857,8164372.763,349218,23379.0147214634,1
"230",31060,"Ponte Nova",33.63,78.77,7.53,0,0.491444140102214,99.5,4740387.447,210525,22516.9811043819,1.5
"231",31061,"Viçosa",29.61,168.25,6.97,164,0.609955992200802,116.660714285714,2730135.33,139471,19574.9319213313,0
"232",31062,"Águas Formosas",41.89,42.06,15.14,0,0.436890172735761,27.8035714285714,774415.748,59740,12963.1025778373,0
"233",31064,"Araçuaí",38.89,62.26,10.51,0,0.507071381370447,17.3928571428571,1041613.801,89558,11630.605875522,1
"234",31065,"Itaobim",40.09,28.98,1.39,0,0.423473442407266,37.2857142857143,944737.806,80549,11728.7341369849,0
"235",31066,"Nanuque",22.78,147.1,25.21,0,0.67043847241867,24.8392857142857,1374425.303,67824,20264.5863263741,0
"236",31067,"Padre Paraíso",30.08,11.26,4.1,0,0.474691358024691,20.1785714285714,629237.966,63334,9935.23172387659,0
"237",31068,"Pedra azul",39.91,17.35,0.19,0,0.405299823633157,21.9464285714286,1035105.243,65801,15730.8436497926,0
"238",31070,"Araxá",23.62,117.9,16.22,0,0.723300774701078,99.5,14457557.944,192740,75010.6773062156,1
"239",31071,"Frutal / Iturama",24.96,94.03,22.36,0,0.684264590417272,96.4107142857143,8267798.221,185367,44602.3198357852,1
"240",31072,"Uberaba",25.71,114.16,23.03,756.333333333333,0.753605020461638,218.642857142857,25874949.309,428065,60446.3091095978,6.33333333333333
"241",31073,"Ituiutaba",22.69,113.3,20.22,40.25,0.705090335265774,98.3214285714286,7466652.109,196927,37915.8373864427,0
"242",31074,"Patrocínio / Monte Carmelo",26.98,113.61,15.16,0,0.712237435766848,79.125,7997652.44,197077,40581.3587582518,0
"243",31075,"Uberlândia / Araguari",18.16,398.08,35.91,1699.5,0.848213560544562,897.142857142857,55331486.537,933101,59298.4966654199,3.33333333333333
"244",31076,"Manga",35.71,4.18,0.01,0,0.434373897707231,9.14285714285714,613626.443,56549,10851.2342039647,0
"245",31077,"João Pinheiro",29.32,77.97,15.68,0,0.79359772458946,33.1607142857143,2863772.119,74621,38377.5628710417,1
"246",31078,"Congonhas",42.74,193.5,38.35,0,0.748302632647262,129.25,15523607.076,127345,121901.975546743,1
"247",31079,"Conselheiro Lafaiete",27.08,72.63,9.77,130,0.694552404295051,98.0535714285714,3948037.123,187958,21004.8900445844,0
"248",31080,"Peçanha/São João Evangelista",35.79,30.41,3.71,0,0.565843837535014,10.8571428571429,864623.942,57729,14977.2894385837,0
"249",31081,"Santa Maria do Suaçuí",42.36,8.64,3.22,0,0.521666666666667,6.19642857142857,536069.172,42914,12491.7083469264,0
"250",31082,"São Gotardo",23.27,231.53,20.22,0,0.673446795419114,120.357142857143,3907841.164,95081,41100.1268812907,1
"251",31083,"Bocaiúva",34.49,19.69,4.92,0,0.501657329598506,12.9285714285714,1755248.442,79034,22208.7765012526,3.5
"252",31084,"Montes Claros",33.96,111.93,24.59,1197,0.780176377807634,259.964285714286,11201456.765,451590,24804.4836355987,2
"253",31085,"Taiobeiras",43.16,30.13,22.05,0,0.47135471802991,28.5714285714286,1773089.907,140703,12601.6496236754,0
"254",31086,"Divinópolis",26.07,254.83,8.79,387.25,0.867654293709266,400.660714285714,12318038.532,357499,34456.1482185964,0
"255",31087,"Lagoa da Prata/Sto Ant do Monte",22.07,96.69,22.46,0,0.779546292201091,57.6071428571429,5393315.05,130892,41204.3138618097,0
"256",31088,"Oliveira/Santo Antônio do Amparo",31.54,98.54,6.3,0,0.651508784132054,45.0535714285714,2817620.423,106529,26449.3276290963,1
"257",31089,"Campo Belo",31.19,96.18,24.62,0,0.613248556998557,63.6964285714286,2262946.23,100116,22603.2425386552,1
"258",31090,"Lima Duarte",41.84,23.99,0.01,0,0.567911785926492,31.5714285714286,1381857.812,70595,19574.4431192011,0
"259",31091,"Cassia",22.42,64.52,3.45,0,0.616299603174603,23.1785714285714,1801281.789,50748,35494.636025065,0
"260",31092,"Passos",18.73,124.27,8.23,33,0.841596917874008,130.964285714286,6820515.796,214365,31817.3013131808,1
"261",31093,"Piumhi",37.94,48.54,31.25,0,0.628019957983193,23.5178571428571,2776745.167,77596,35784.6431130471,0
"262",31094,"Almenara/Jacinto",33.49,29.86,15.36,0,0.500887736830643,52.25,2102418.522,171958,12226.3490038265,0
"263",31095,"Serro",41.62,41.8,2.16,0,0.540604575163399,20.8392857142857,9498102.617,50013,189912.675044488,1
"264",31096,"Itambacuri",53.74,20.75,6.48,0,0.510864197530864,19.7142857142857,633419.594,44464,14245.6727689816,0
"265",31097,"Juiz de Fora",7.93,227.06,22.59,1491,0.795247257466827,685.107142857143,21612705.624,630783,34263.2975587484,23.8333333333333
"266",31098,"salinas",36.34,63.74,12.89,0,0.496177623760828,28.1607142857143,972198.535,68593,14173.4365751607,1
"267",31099,"Teófilo Otoni / Malacacheta",27.05,119.81,65.09,274,0.622711454996672,153.017857142857,4592517.051,281676,16304.254004601,0
"268",32002,"Metropolitana",19.49,166.75,15.48,2160.66666666667,0.788474622561563,1455.10714285714,119278972.868,2440320,48878.4146620115,4.16666666666667
"269",32004,"Sul",32.85,71.69,9.82,225,0.689387567080762,319.696428571429,39249345.687,686637,57161.7108996457,5
"270",32005,"Central Norte",25.72,110.91,7.64,551.833333333333,0.713931395566079,492.267857142857,27808186.215,981551,28330.8622934519,26
"271",33001,"Baia da Ilha Grande",18.26,143.83,40.06,0,0.729880695330177,159.75,16361447.388,300287,54486.0329884411,1
"272",33002,"Baixada Litorânea",17.66,90.08,23.62,232.5,0.685072565759698,322.714285714286,79124218.665,870304,90915.6095628654,6
"273",33003,"Centro-Sul",36.66,75.55,30.57,196.5,0.674151911695199,194.660714285714,14199166.158,343570,41328.3061908781,3.16666666666667
"274",33004,"Médio Paraíba",28.57,154.32,40.93,864.166666666667,0.791872851399715,669.982142857143,58788711.149,922318,63740.1754590065,5.66666666666667
"275",33005,"Metropolitana I",13.35,85.53,11.83,4337.5,0.637326827792183,3256.58928571429,479985871.124,10585667,45342.9973873163,45
"276",33006,"Metropolitana II",13.37,53.57,11.51,1440.5,0.636607796898806,724.517857142857,181254256.393,2145025,84499.8339846855,16.5
"277",33007,"Noroeste",32.65,83.53,50.45,553.666666666667,0.654516463365348,167.767857142857,9735205.118,350591,27767.9835420761,2
"278",33008,"Norte",17.43,154.94,54.06,299.833333333333,0.813798937016623,810.232142857143,74001300.049,964428,76730.7668887672,18.3333333333333
"279",33009,"Serrana",18.6,83.16,23.44,779.166666666667,0.756529938096154,398.571428571429,35850594.351,981159,36539.0261425518,4.33333333333333
"280",35011,"Alto do Tietê",9.44,86.61,9.24,2553.83333333333,0.679432458349168,941.553571428571,142543748.129,3092717,46090.1363199413,2.33333333333333
"281",35012,"Franco da Rocha",12.2,61.4,10.11,0,0.724938650614802,163.732142857143,36030447.58,624533,57691.8234584882,2.16666666666667
"282",35013,"Mananciais",9.63,74.83,4.6,0,0.740808187931382,226.482142857143,50843026.754,1186936,42835.5250443158,1
"283",35014,"Rota dos Bandeirantes",11.11,158.32,7.79,440.833333333333,0.803800776072828,853.285714285714,181128563.396,1922898,94195.6169261188,2
"284",35015,"Grande ABC",14.4,112.9,11.63,523.5,0.732316478318569,857.178571428571,150576375.183,2825048,53300.4661099564,3.5
"285",35016,"São Paulo",6.72,138.68,12.96,12050.5,0.70202222294009,6570.21428571429,828980607.731,12396372,66872.840515838,182.166666666667
"286",35021,"Central do DRS II",17.03,109.09,70.28,594.833333333333,0.794018281124455,188.017857142857,12898604.751,308751,41776.7221838958,1
"287",35022,"Lagos do DRS II",26.29,58.18,6.11,13,0.73532874396845,82.4107142857143,8251917.224,207475,39773.0677141824,1
"288",35023,"Consórcios do DRS II",17.38,75.5,13.98,0,0.755517052297295,100.553571428571,8293480.069,285896,29008.7306887819,2.83333333333333
"289",35031,"Central do DRS III",17.37,253.29,52.34,603.333333333333,0.852073034311356,328.571428571429,15271405.853,328335,46511.6598991883,1
"290",35032,"Centro Oeste do DRS III",17.22,115.7,0.04,0,0.874030748663102,64.6428571428571,4832108.937,149270,32371.6013733503,0
"291",35033,"Norte do DRS III",14.99,172.45,15.52,0,0.965610859728507,151.160714285714,7366992.723,159086,46308.240341702,1.33333333333333
"292",35034,"Coração do DRS III",13.81,215.61,17.76,143.166666666667,0.904971822740033,514,21052220.467,405949,51859.2741132507,1
"293",35041,"Baixada Santista",12.93,109.71,17.78,742.666666666667,0.834446039798324,718.142857142857,79037792.126,1897551,41652.5258746669,3.33333333333333
"294",35051,"Norte - Barretos",24.09,148.54,5.05,231.666666666667,0.828863722962447,120.446428571429,14158230.533,296155,47806.8259289899,0
"295",35052,"Sul - Barretos",29.22,221.69,10.23,0,0.842658314268392,139.285714285714,6059764.772,149061,40652.9190868168,2
"296",35061,"Vale do Jurumirim",21.92,38.68,6.98,124.333333333333,0.675596791043089,144.375,10466619.725,307803,34004.2810661365,0
"297",35062,"Bauru",15.65,119.14,36.65,482.833333333333,0.807159352854613,395.75,30950135.738,663414,46652.8227290953,12
"298",35063,"Polo Cuesta",21.58,127.8,10.89,3,0.789575319454329,159.375,11189575.837,322995,34643.1859223827,1
"299",35064,"Jaú",9.73,50.97,11.57,0,0.842914748117753,102.571428571429,13609875.94,361660,37631.6870541392,3.83333333333333
"300",35065,"Lins",27.95,324.75,40.27,297.333333333333,0.886059037818906,270.196428571429,10326294.825,172172,59976.6211985689,1
"301",35071,"Bragança",16.42,122.78,7.23,574.666666666667,0.822410387674079,257.267857142857,21055131.598,485447,43372.6680729307,1
"302",35072,"Região Metropolitana de Campinas",15.34,231.7,14.64,804,0.860014805322859,2511.16071428571,266146838.706,3320995,80140.6923846618,9.5
"303",35073,"Jundiaí",14,100.06,15.22,150.75,0.8814917201897,724.642857142857,101226844.805,835251,121193.323689526,2.83333333333333
"304",35074,"Circuito das Águas",27.28,161.58,18.72,0,0.846845148315737,129.392857142857,7081278.487,138104,51274.9702180965,0
"305",35081,"Três Colinas",8.65,37.29,19.04,627.833333333333,0.701168285549561,151.660714285714,15999080.889,434079,36857.5325896899,0
"306",35082,"Alta Anhanguera",16.12,223.95,50.11,0,0.844437302893185,148.071428571429,7724454.218,167436,46133.7718172914,2
"307",35083,"Alta Mogiana",27.04,168.45,76.88,0,0.807824678445353,55.3928571428571,5235937.604,127160,41175.9798993394,2.33333333333333
"308",35091,"Adamantina",21.68,60.85,4.94,0,0.708484979073214,50.9642857142857,3930959.496,139824,28113.6249570889,2
"309",35092,"Assis",21.83,90.96,7.16,0,0.82069972511149,102.964285714286,10499323.419,249939,42007.5435166181,2
"310",35093,"Marília",27.59,115.57,14.21,368.166666666667,0.799217692220379,217.75,15962267.741,394544,40457.5097859808,4
"311",35094,"Ourinhos",24.53,103.81,4.39,96.6666666666667,0.800952375464292,146.785714285714,9319819.546,247065,37722.1360613604,2
"312",35095,"Tupã",26.5,66.19,14.79,0,0.672607017405893,56.4642857142857,5790946.064,128627,45021.2324317601,3
"313",35101,"Araras",15.09,124.09,12.64,790,0.839421320373105,160.642857142857,15377691.009,352417,43634.9296685461,0
"314",35102,"Limeira",9.92,157.81,20.5,0,0.859890432236724,202.571428571429,22957543.737,382593,60005.1327049894,1
"315",35103,"Piracicaba",16.36,234.3,30.97,409.5,0.802600180446067,419.678571428571,42986478.61,606446,70882.6154513345,2
"316",35104,"Rio Claro",15.59,133.62,16.19,0,0.833226118244501,158.821428571429,19915589.186,273019,72945.7993253217,1
"317",35111,"Alta Paulista",22.7,41.23,5.95,0,0.664775910364146,44.0714285714286,3690345.004,137389,26860.5565511067,1
"318",35112,"Alta Sorocabana",24.31,86.92,4.72,379.166666666667,0.786575058181078,225.660714285714,15437533.222,418286,36906.6457447775,0
"319",35113,"Alto Capivari",35.01,83.4,6.7,0,0.795833333333333,14.9107142857143,2928327.304,60072,48746.9587162072,0
"320",35114,"Extremo Oeste Paulista",27.69,46.51,3.37,0,0.596939988116459,33.5357142857143,2469011.44,99982,24694.5594206957,0
"321",35115,"Pontal do Paranapanema",39.75,69.61,0.01,0,0.586280345471522,31.0535714285714,3298900.456,67019,49223.3613751324,0
"322",35121,"Vale do Ribeira",20.44,23.94,4.16,0,0.669156109413462,57.1964285714286,10785141.731,285331,37798.7030185995,1
"323",35131,"Horizonte Verde",12.77,216.4,23.89,0,0.899652517273291,327.660714285714,19196677.848,456454,42056.1060873604,9.33333333333333
"324",35132,"Aquífero Guarani",11.18,224.6,32.82,879.833333333333,0.893324138634286,949.589285714286,48796617.78,956411,51020.5526494363,12.5
"325",35133,"Vale das Cachoeiras",24.75,190.73,18.01,0,0.773657529983864,76.7678571428571,5474868.491,143555,38137.7763992895,2
"326",35141,"Baixa Mogiana",12.63,122.78,14.45,0,0.934603601055807,180.232142857143,18324713.612,335434,54629.8634366224,1
"327",35142,"Mantiqueira",13.52,165.03,10.46,0,0.869147396720926,100.767857142857,10591319.636,289816,36544.9790073702,2.5
"328",35143,"Rio Pardo",21.02,117.41,14.01,0,0.765114379084967,120.410714285714,8591895.612,218022,39408.388199356,3
"329",35151,"Catanduva",29.49,157.52,19.47,157.333333333333,0.761757266211601,269.464285714286,12350588.786,324989,38003.0979079292,4
"330",35152,"Santa Fé do Sul",25.5,43.27,20.35,367,0.689453125,19.0178571428571,1780995.84,48254,36908.7710863348,0
"331",35153,"Jales",28.82,66.93,10.25,0,0.652217023172906,54.1071428571429,3548982.225,103981,34131.0645694887,1
"332",35154,"Fernandópolis",31.66,201.79,21.61,529.5,0.729425409185471,156.482142857143,4848969.487,118076,41066.5121362512,0
"333",35155,"São José do Rio Preto",12.83,92.58,8.6,785.5,0.853409831637696,407.214285714286,31745089.941,746304,42536.405996752,0
"334",35156,"José Bonifácio",35.81,48.97,0.01,0,0.741885504201681,35.8035714285714,4159932.536,107938,38540.0186773889,0
"335",35157,"Votuporanga",37.69,99.11,7.4,0,0.816449905060839,133.589285714286,7415844.357,204070,36339.7087126966,2
"336",35161,"Itapetininga",14.68,97.21,11.39,0,0.775960332452205,211.642857142857,19277447.366,520003,37071.8002896137,1
"337",35162,"Itapeva",17.9,41.34,7.95,109.5,0.678224073720397,98.625,9650799.559,282482,34164.2991730447,1.33333333333333
"338",35163,"Sorocaba",10.12,83.85,10.09,752,0.816669830855314,556.5,102978337.028,1779023,57884.7699147229,5.66666666666667
"339",35171,"Alto Vale do Paraíba",12.6,163.03,8.11,778.666666666667,0.740296344875302,794.5,67858486.776,1124606,60339.7872463778,1
"340",35172,"Circuito da Fé e Vale Histórico",21.89,181.47,21.6,26,0.775148064843462,318.446428571429,18986586.474,491346,38641.9884846931,6
"341",35173,"Litoral Norte",19.63,100.69,26.28,0,0.790472923619208,131.035714285714,37203440.366,345844,107572.895195522,2.5
"342",35174,"Vale do Paraíba/Região Serrana",19.02,164.17,23.16,737.833333333333,0.867173109170237,527.410714285714,33282405.09,637422,52214.0828054256,1
"343",41001,"1ª RS Paranaguá",16.95,90.47,3.03,0,0.780224800784011,114.839285714286,17383692.527,302544,57458.3945707071,0
"344",41002,"2ª RS Metropolitana",18.98,256.89,12.35,2337.66666666667,0.862731224118962,3104.80357142857,193193113.397,3731769,51769.8478649134,1.66666666666667
"345",41003,"3ª RS Ponta Grossa",19.19,162.66,14.36,562.833333333333,0.814278290958928,318.517857142857,33291836.004,647823,51390.327302365,1
"346",41004,"4ª RS Irati",28.17,131.7,17.03,0,0.756884475818299,102.392857142857,7032720.362,177186,39691.1740318084,0
"347",41005,"5ª RS Guarapuava",24.03,83.55,8.04,238.5,0.728009630588608,203.732142857143,18562454.665,457956,40533.2710238538,7.5
"348",41006,"6ª RS União da Vitória",17.57,114.63,0.6,193,0.783846872082166,92.3928571428571,6147991.035,179117,34323.8834672309,0
"349",41007,"7ª RS Pato Branco",24.57,124.91,18.52,115.75,0.768018521511169,125.267857142857,15022135.02,269857,55667.0200143039,2.33333333333333
"350",41008,"8ª RS Francisco Beltrão",28.18,131.28,6.85,234.666666666667,0.740170437612479,223.964285714286,15234436.289,361016,42198.7842339398,1
"351",41009,"9ª RS Foz do Iguaçu",15.19,92.47,15.69,138,0.736222150355094,201.303571428571,26062313.321,406054,64184.3531180582,6.5
"352",41010,"10ª RS Cascavel",21.68,135.71,17.77,511.666666666667,0.788061218311348,351.714285714286,28131688.299,557660,50445.9496808091,2
"353",41011,"11ª RS Campo Mourão",22.81,214.34,16.39,70,0.723617387514721,142.303571428571,16334583.302,326363,50050.3528341142,3
"354",41012,"12ª RS Umuarama",24.63,127.74,18.24,201.666666666667,0.789435031519807,110.214285714286,10207256.282,277623,36766.6089697179,1
"355",41013,"13ª RS Cianorte",18.94,101.52,11.31,0,0.812993675034116,65.5535714285714,6089676.378,163861,37163.6715142712,1
"356",41014,"14ª RS Paranavaí",30.81,57.7,3.74,165.8,0.731596802130972,125.75,9072099.443,278116,32619.8400775216,1
"357",41015,"15ª RS Maringá",18.19,132.33,13,1242.16666666667,0.833064190306865,473.464285714286,37913425.803,856843,44247.8094621768,2
"358",41016,"16ª RS Apucarana",25.94,99.57,18.6,47,0.721107079195315,162.660714285714,13608615.727,390543,34845.3710014006,1
"359",41017,"17ª RS Londrina",14.03,132.26,26.95,643,0.799341535277468,619.732142857143,41918628.232,980098,42769.8334574706,0
"360",41018,"18ª RS Cornélio Procópio",24.9,66.71,7.56,26,0.778075396825397,125.357142857143,8082555.273,220928,36584.5672481532,1
"361",41019,"19ª RS Jacarezinho",21.46,67.53,7.66,173.666666666667,0.758890632608705,146.946428571429,10126269.567,290141,34901.2017157175,2
"362",41020,"20ª RS Toledo",16.9,131.37,6.32,0,0.798416755083061,148.660714285714,21585230.247,405127,53280.1572025562,1
"363",41021,"21ª RS Telêmaco Borba",24.01,42.15,0.01,24,0.728217697335344,58.9107142857143,10737477.581,190997,56218.0431158605,1
"364",41022,"22ª RS Ivaiporã",27.1,44.45,0.41,22,0.602962962962963,77,4234863.119,125862,33646.8760944527,1
"365",42001,"Extremo Oeste",30.9,139.21,13.28,114.75,0.653003224737938,102.821428571429,11685264.388,233510,50041.8157166717,3.66666666666667
"366",42002,"Oeste",22.13,236.08,14.18,507.333333333333,0.81378202774245,259.428571428571,21576854.944,372513,57922.4213490536,1
"367",42003,"Xanxerê",27.82,159.07,12.97,0,0.728409211835358,86.1071428571429,9948051.86,202985,49008.8029164717,1
"368",42004,"Alto Vale do Itajaí",20.76,107.43,13.81,0,0.688312164771573,95.8571428571429,13776734.219,302920,45479.7775617325,1
"369",42005,"Foz do Rio Itajaí",17,244.66,21.25,668,0.756026421951685,310.535714285714,73292598.222,747720,98021.4495024876,4.5
"370",42006,"Médio Vale do Itajaí",19.75,146.48,17.96,262.333333333333,0.818928845553744,374.482142857143,46363847.892,820484,56507.9244592216,1.83333333333333
"371",42007,"Grande Florianópolis",23.03,290.4,34.55,899.333333333333,0.803484647683937,1117.10714285714,57608016.483,1248470,46142.8920863136,11.6666666666667
"372",42008,"Meio Oeste",31.6,145.54,6.96,262.5,0.721696779603468,58.4285714285714,11162199.271,194381,57424.3329903643,0
"373",42009,"Alto Vale do Rio do Peixe",23.96,150.5,19.57,0,0.697745410719766,95.4642857142857,15209486.517,298317,50984.3103711823,3
"374",42010,"Alto Uruguai Catarinense",27.15,206.76,13.64,0,0.744229310313869,116.5,8723091.073,144455,60386.2176664013,0
"375",42011,"Nordeste",12.52,233.73,10.61,392.333333333333,0.873279671261683,637.303571428571,65049886.462,752202,86479.2787868152,1
"376",42012,"Planalto Norte",18.33,118.74,17.1,0,0.754269655230513,178.964285714286,17471207.514,383131,45601.1325473533,3.5
"377",42013,"Serra Catarinense",32.95,180.49,26.97,663.333333333333,0.605124744776561,106.732142857143,12451812.439,287549,43303.2715780615,1
"378",42014,"Extremo Sul Catarinense",22.89,90.63,9.43,0,0.614005616523999,63.5178571428571,7033743.342,206347,34086.9668180298,1
"379",42015,"Carbonífera",26.08,126.67,20.19,391.166666666667,0.735830524091173,201.678571428571,21590771.279,446902,48312.0936558798,2.33333333333333
"380",42016,"Laguna",28.46,105.74,17.41,221.5,0.702433933182639,166.696428571429,16042103.921,374693,42813.9941792347,3
"381",42017,"Vale do Itapocu",20.82,232.25,11.21,93.6,0.806877573118922,197.089285714286,19585218.926,321894,60843.6905503054,0
"382",43001,"Região 01 - Verdes Campos",16.49,107.92,23.31,811.5,0.748513193330498,170.214285714286,20696064.847,463145,44685.9295620162,1
"383",43002,"Região 02 - Entre Rios",26.01,73.54,12.38,0,0.667440423138952,42.0714285714286,6407908.913,122300,52395.0033769419,1.5
"384",43003,"Região 03 - Fronteira Oeste",18.31,79.38,11.79,0,0.787281430088793,157.107142857143,18414902.346,454882,40482.8116874266,2
"385",43004,"Região 04 - Belas Praias",22.53,82.04,1.38,169,0.685210173813115,35.3928571428571,5525391.835,164639,33560.6498763962,2.33333333333333
"386",43005,"Região 05 - Bons Ventos",21.2,56.22,1.38,0,0.735120442479928,40.625,8090697.555,241915,33444.3815183019,1
"387",43006,"Região 06 - Vale do Paranhana e Costa Serr",17.75,68.03,4.47,0,0.708527460027073,63.9107142857143,7809753.64,238404,32758.4840858375,0
"388",43007,"Região 07 - Vale dos Sinos",13.25,127.6,5.01,144.6,0.828204122929093,356.714285714286,37308939.072,841192,44352.4653967228,12
"389",43008,"Região 08 - Vale do Caí e Metropolitana",20.08,126.58,6.98,380.333333333333,0.755276795739175,332.089285714286,54478704.074,787814,69151.733878809,17.3333333333333
"390",43009,"Região 09 - Carbonífera/Costa Doce",16.54,88.2,7.74,0,0.725260766099048,119.089285714286,20080068.884,425376,47205.4579571955,4
"391",43010,"Região 10 - Capital e Vale do Gravataí",16.41,239.81,12.64,1432.66666666667,0.871102488988415,929.839285714286,106382125.141,2388224,44544.4502446169,30.3333333333333
"392",43011,"Região 11 - Sete Povos das Missões",25.65,86.41,7.49,125.5,0.635823431254022,135.535714285714,14399798.404,277225,51942.6401082154,3
"393",43012,"Região 12 - Portal das Missões",30.82,94.78,0.01,0,0.678615196078431,42.3928571428571,11745334.74,127032,92459.6537880219,0
"394",43013,"Região 13 - Diversidade",28.55,82.43,15.96,0,0.77471984034484,66.75,15857786.606,229644,69053.7815314138,3
"395",43014,"Região 14 - Fronteira Noroeste",23.59,95.03,4.56,0,0.70597217969509,60.875,13541319.544,222423,60880.9320259146,0
"396",43015,"Região 15 - Caminho das Águas",31.76,117.5,27.09,0,0.768671932642521,85.5357142857143,7356175.563,181139,40610.6667421152,1
"397",43016,"Região 16 - Alto Uruguai Gaúcho",28.19,104.86,8.77,209,0.69208340338855,134.803571428571,14024669.149,232430,60339.3243083939,2
"398",43017,"Região 17 - Planalto",20.7,176.69,8.7,710.666666666667,0.731207817354691,217.053571428571,28575768.888,421493,67796.5443981276,1.33333333333333
"399",43018,"Região 18 - Araucárias",33.22,120.66,3.8,0,0.678314830834295,56.0892857142857,8322061.127,133694,62247.0801008273,1
"400",43019,"Região 19 - Botucaraí",36.46,103.02,4.95,0,0.800178885656827,51.6607142857143,5134369.506,117158,43824.3184929753,1
"401",43020,"Região 20 - Rota da Produção",34.02,35.31,5.93,0,0.664152656983539,28.6785714285714,8730482.771,162885,53599.0592810879,0
"402",43021,"Região 21 - Sul",15.48,103.41,23.32,676.5,0.753390121169975,387.053571428571,36596191.397,873992,41872.45580852,2.83333333333333
"403",43022,"Região 22 - Pampa",16.34,83.15,11.83,0,0.831210670858656,64.6785714285714,9973691.472,188732,52845.7891189623,2
"404",43023,"Região 23 - Caxias e Hortênsias",11.61,130.83,16.37,383,0.872992481404384,334.25,37366445.966,635758,58774.6374658282,1
"405",43024,"Região 24 - Campos de Cima da Serra",24.39,166.69,2.12,0,0.772635787151916,25.375,6243055.5,100366,62202.8924137656,0
"406",43025,"Região 25 - Vinhedos e Basalto",16.96,105.55,4.41,13,0.799826505400554,154.517857142857,21784639.36,323831,67271.6304492158,2.16666666666667
"407",43026,"Região 26 - Uva Vale",15.16,95.72,1.09,0,0.747992338807092,98.2142857142857,11399111.425,192500,59216.1632467532,1
"408",43027,"Região 27 - Jacuí Centro",16.75,62.26,10.33,114.5,0.776793859254932,75.7678571428571,7512167.192,202759,37049.7348675028,3.33333333333333
"409",43028,"Região 28 - Vinte e Oito",19.78,163.03,11.5,194.5,0.798897280419032,153.625,18583747.5,354888,52365.1053290052,0
"410",43029,"Região 29 - Vales e Montanhas",22.87,137.28,9.71,102.666666666667,0.711894098188432,123.178571428571,12311456.306,228550,53867.6714329468,1
"411",43030,"Região 30 - Vale da Luz",18.15,85.15,1.35,0,0.72298353909465,69.1071428571429,6630848.589,132240,50142.5331896552,1.5
"412",50001,"Campo Grande",14.59,46.76,16.17,981.833333333333,0.71800902803014,579.785714285714,67810297.958,1554453,43623.2539407753,4.33333333333333
"413",50002,"Corumbá",13.54,52.84,22.49,0,0.77898055753544,42,4291624.874,136709,31392.4092342128,0
"414",50003,"Dourados",14.57,68.32,8.11,365.833333333333,0.718606547543814,443.642857142857,47471194.264,858490,55296.1528544305,0
"415",50004,"Três Lagoas",14.94,94.64,24.67,86.25,0.740321984194856,181.214285714286,22630649.337,289536,78161.7807008455,3
"416",51001,"Alto Tapajós",12.55,51.55,0.39,0,0.546312919107037,50.4821428571429,4151936.999,109348,37969.9399989026,0
"417",51002,"Baixada Cuiabana",10.44,132.46,24.81,992.166666666667,0.778033401669563,800.553571428571,43558582.947,1028372,42356.8348292252,1
"418",51003,"Araguaia Xingu",11.74,63.93,0.01,0,0.589932489303841,28.375,4801649.557,93475,51368.2755496122,1
"419",51004,"Centro Norte",20.91,19.48,3.46,0,0.442721928277484,30.2321428571429,10559599.104,102494,103026.509883505,0
"420",51005,"Garças Araguaia",19.74,22.53,3.24,181.833333333333,0.553207148243913,25.1428571428571,6064048.46,127670,47497.8339468943,0
"421",51006,"Médio Araguaia",17.8,101.02,6.69,0,0.588216420068272,67.2321428571429,12446787.691,102088,121922.142573074,0
"422",51007,"Médio Norte Matogrossense",10.47,92.33,1.71,262.166666666667,0.679271876855956,98.8035714285714,23205321.963,256810,90359.8845956154,1
"423",51008,"Noroeste Matogrossense",7.78,105.03,3.41,0,0.575735294117647,70.3928571428571,6555145.501,172255,38054.8924617573,0
"424",51009,"Norte Araguaia Karajá",19.9,3.49,0.01,0,0.463624338624339,10.5357142857143,2059279.941,25536,80642.2282659775,1
"425",51010,"Norte Matogrossense",15.06,23.86,0.27,0,0.640577777777778,22.1785714285714,3772880.04,68609,54991.0367444504,0
"426",51011,"Oeste Matogrossense",10.04,36.4,5.86,190,0.680341180589883,47.8035714285714,5323304.909,199952,26622.9140443706,0
"427",51012,"Sudoeste Matogrossense",11.56,25.24,4.79,0,0.593183596968199,44.4464285714286,8848909.255,121016,73121.8124462881,1
"428",51013,"Sul Matogrossense",14.14,61.85,3.59,266.166666666667,0.683989474394512,257.5,44470734.183,543133,81878.1664583076,1
"429",51014,"Teles Pires",11.08,80.3,11.19,516.833333333333,0.683935470825043,252.732142857143,49176962.937,454451,108211.804874453,0
"430",51015,"Vale do Peixoto",14.2,35.22,8.87,166.4,0.418872549019608,32.1607142857143,4289297.788,107980,39723.0763845156,0
"431",51016,"Vale dos Arinos",11.62,65.12,3.22,0,0.481670168067227,38.0714285714286,4105761.37,54045,75969.3102044593,0
"432",52001,"Central",15.71,164.35,25.03,1648.16666666667,0.827540978791155,1684.73214285714,69495099.766,1960275,35451.7094621928,8.5
"433",52002,"Centro Sul",10.15,36.88,6.72,131.6,0.590912451558576,262.482142857143,34425028.255,978431,35183.9100100058,5.5
"434",52003,"Entorno Norte",12.77,45.93,16.4,0,0.495634561156836,67.5892857142857,7007798.686,277031,25296.0812544444,2
"435",52004,"Entorno Sul",9.8,35.62,9.98,25,0.524416378964371,125.446428571429,18451205.14,945490,19514.9659330083,1.66666666666667
"436",52005,"Estrada de Ferro",15.58,124.19,10.97,48,0.80923399777853,224.375,21022361.982,324351,64813.6185243764,0
"437",52006,"Nordeste I",17.74,15.55,0.01,0,0.566120218579235,9.58928571428571,949380.019,46862,20259.0589176732,0
"438",52007,"Nordeste II",14.58,20.83,0.35,0,0.52153043035396,25.4285714285714,1948640.71,106988,18213.6380715594,0
"439",52008,"Norte",18.42,49.82,9.97,58.75,0.627953378321025,49.7142857142857,4566136.387,135914,33595.7766455258,2
"440",52009,"Oeste I",21.74,20.48,5.27,43.3333333333333,0.562622549019608,44.7857142857143,3839695.616,113456,33843.0370892681,0
"441",52010,"Oeste II",22.69,58.75,12.29,188,0.703501510099807,49.4285714285714,6171826.702,117610,52477.0572400306,1
"442",52011,"Pirineus",11.7,66.01,19.35,879.333333333333,0.680226201649686,102.910714285714,21681627.66,534524,40562.4960899791,0
"443",52012,"Rio Vermelho",16.47,38.12,3.79,0,0.553968058515272,66,7319377.578,200161,36567.451091871,1
"444",52013,"São Patrício I",22.6,54.58,9.28,0,0.646179845601342,62.3035714285714,4938049.819,166507,29656.7100422204,1
"445",52014,"Serra da Mesa",25.71,51.19,20.64,0,0.634178907405551,56.6964285714286,4824762.201,130727,36907.1592020011,1.16666666666667
"446",52015,"Sudoeste I",14.62,210.53,37.51,773.166666666667,0.815279862361284,496.732142857143,27653651.237,483231,57226.5670807543,4
"447",52016,"Sudoeste II",15.72,86.58,24.05,413.833333333333,0.69087829046611,45.9464285714286,17025579.998,239274,71155.1610204201,1.66666666666667
"448",52017,"Sul",16.69,124.71,18,236.666666666667,0.737928778592857,136.964285714286,12104229.929,257831,46946.371572852,2
"449",52018,"São Patrício II",20.27,43.08,11.6,152.4,0.61877353565969,59.2857142857143,6203422.215,187926,33009.919941892,1
"450",53001,"Distrito Federal",13.85,191.55,8.83,3908.16666666667,0.638173003855541,1338.03571428571,286943782.027,3094325,92732.2702130513,27.6666666666667
